{
  "version": "1.0",
  "source": "https://github.com/TheJeme/upo.zip",
  "items": [
    "Upo.sh",
    "upo"
  ],
  "items_opt": [],
  "md5": null,
  "attr": {
    "title": "Upo",
    "porter": "Cebion",
    "desc": "Upo is a procedurally generated music game.\nYour goal is to avoid collision with flying objects in rhytm to the music.\n",
    "inst": "",
    "genres": [
      "rhythm"
    ],
    "image": null,
    "rtr": true,
    "runtime": null,
    "reqs": [],
    "url": ""
  }
}