{
  "version": 2,
  "name": "StardewValley.zip",
  "items": [
    "StardewValley.sh",
    "stardewvalley"
  ],
  "items_opt": [],
  "attr": {
    "title": "Stardew Valley",
    "porter": [
      "Johnny on Flame"
    ],
    "desc": "Stardew Valley is an open-ended country-life RPG! You’ve inherited your grandfather’s old farm plot in Stardew Valley. Armed with hand-me-down tools and a few coins, you set out to begin your new life.",
    "inst": "You must have an updated copy of the *compatibility version* of Stardew Valley. Both Steam or GOG versions are supported. https://www.stardewvalley.net/compatibility/\n\nCopy the retail game's data into the `stardewvalley/gamedata` folder.",
    "genres": [
      "rpg",
      "simulation"
    ],
    "image": null,
    "rtr": false,
    "exp": false,
    "runtime": "mono-6.12.0.122-aarch64.squashfs",
    "reqs": [],
    "arch": [
      "aarch64",
      ""
    ]
  }
}