{
  "version": "1.0",
  "source": "https://github.com/rameshvarun/thermomorph.zip",
  "items": [
    "Thermomorph.sh",
    "thermomorph"
  ],
  "items_opt": [],
  "md5": null,
  "attr": {
    "title": "Thermomorph",
    "porter": "Cebion",
    "desc": "An Alien-inspired survive-the-night horror game, created in Love2D.\n\nYour crew is dead. Unidentified creatures stalk the halls of your mining ship. Armed with a motion sensor and a flamethrower, you must survive until the escape pod is repaired.",
    "inst": "",
    "genres": [
      "simulation",
      "other"
    ],
    "image": null,
    "rtr": true,
    "runtime": null,
    "reqs": [],
    "url": ""
  }
}