{
	"dirt" :
	{
		"index": 0,
		"moveCost" : 100,
		"minimapUnblocked" : [ 82, 56, 8 ],
		"minimapBlocked"   : [ 57, 40, 8 ],
		"music" : "Dirt.mp3",
		"tiles" : "DIRTTL",
		"type" : ["SURFACE"],
		"shortIdentifier" : "dt",
		"river" : "mudRiver",
		"battleFields" : ["dirt_birches", "dirt_hills", "dirt_pines"],
		"terrainViewPatterns" : "dirt",
		"horseSound" : "horse00",
		"horseSoundPenalty" : "horse20"
	},
	"sand" :
	{
		"index": 1,
		"moveCost" : 150,
		"minimapUnblocked" : [ 222, 207, 140 ],
		"minimapBlocked"   : [ 165, 158, 107 ],
		"music" : "Sand.mp3",
		"tiles" : "SANDTL",
		"type" : ["SURFACE"],
		"shortIdentifier" : "sa",
		"river" : "mudRiver",
		"battleFields" : ["sand_mesas"],
		"transitionRequired" : true,
		"terrainViewPatterns" : "sand",
		"horseSound" : "horse01",
		"horseSoundPenalty" : "horse21"
	},
	"grass" :
	{
		"index": 2,
		"moveCost" : 100,
		"minimapUnblocked" : [ 0, 65, 0 ],
		"minimapBlocked"   : [ 0, 48, 0 ],
		"music" : "Grass.mp3",
		"tiles" : "GRASTL",
		"type" : ["SURFACE"],
		"shortIdentifier" : "gr",
		"river" : "waterRiver",
		"battleFields" : ["grass_hills", "grass_pines"],
		"horseSound" : "horse02",
		"horseSoundPenalty" : "horse22"
	},
	"snow" :
	{
		"index": 3,
		"moveCost" : 150,
		"minimapUnblocked" : [ 181, 199, 198 ],
		"minimapBlocked"   : [ 140, 158, 156 ],
		"music" : "Snow.mp3",
		"tiles" : "SNOWTL",
		"type" : ["SURFACE"],
		"shortIdentifier" : "sn",
		"river" : "iceRiver",
		"battleFields" : ["snow_mountains", "snow_trees"],
		"horseSound" : "horse03",
		"horseSoundPenalty" : "horse23"
	},
	"swamp" :
	{
		"index": 4,
		"moveCost" : 175,
		"minimapUnblocked" : [ 74, 134, 107 ],
		"minimapBlocked"   : [ 33,  89,  66 ],
		"music" : "Swamp.mp3",
		"tiles" : "SWMPTL",
		"type" : ["SURFACE"],
		"shortIdentifier" : "sw",
		"river" : "waterRiver",
		"battleFields" : ["swamp_trees"],
		"horseSound" : "horse04",
		"horseSoundPenalty" : "horse24"
	},
	"rough" :
	{
		"index": 5,
		"moveCost" : 125,
		"minimapUnblocked" : [ 132, 113, 49 ],
		"minimapBlocked"   : [  99,  81, 33 ],
		"music" : "Rough.mp3",
		"tiles" : "ROUGTL",
		"type" : ["SURFACE"],
		"shortIdentifier" : "rg",
		"river" : "mudRiver",
		"battleFields" : ["rough"],
		"horseSound" : "horse05",
		"horseSoundPenalty" : "horse25"
	},
	"subterra" :
	{
		"index": 6,
		"moveCost" : 100,
		"minimapUnblocked" : [ 132, 48, 0 ],
		"minimapBlocked"   : [  90,  8, 0 ],
		"music" : "Underground.mp3",
		"tiles" : "SUBBTL",
		"type" : [ "SUB" ],
		"shortIdentifier" : "sb",
		"river" : "waterRiver",
		"battleFields" : ["subterranean"],
		"rockTerrain" : "rock",
		"horseSound" : "horse06",
		"horseSoundPenalty" : "horse26"
	},
	"lava" :
	{
		"index": 7,
		"moveCost" : 100,
		"minimapUnblocked" : [ 74, 73, 74 ],
		"minimapBlocked"   : [ 41, 40, 41 ],
		"music" : "Lava.mp3",
		"tiles" : "LAVATL",
		"type" : ["SUB", "SURFACE"],
		"shortIdentifier" : "lv",
		"river" : "lavaRiver",
		"battleFields" : ["lava"],
		"rockTerrain" : "rock",
		"horseSound" : "horse07",
		"horseSoundPenalty" : "horse27"
	},
	"water" :
	{
		"index": 8,
		"moveCost" : 100,
		"minimapUnblocked" : [ 8, 81, 148 ],
		"minimapBlocked"   : [ 8, 81, 148 ],
		"music" : "Water.mp3",
		"tiles" : "WATRTL",
		"type" : [ "WATER" ],
		"shortIdentifier" : "wt",
		"battleFields" : ["ship"],
		"transitionRequired" : true,
		"terrainViewPatterns" : "water",
		"horseSound" : "horse08",
		"horseSoundPenalty" : "horse08",
		"sounds": {
			"ambient": ["LOOPOCEA"]
		}
	},
	"rock" :
	{
		"index": 9,
		"moveCost" : -1,
		"minimapUnblocked" : [ 0, 0, 0 ],
		"minimapBlocked"   : [ 0, 0, 0 ],
		"music" : "Underground.mp3", // Impossible in H3
		"tiles" : "ROCKTL",
		"type" : [ "ROCK" ],
		"shortIdentifier" : "rc",
		"battleFields" : ["rocklands"],
		"transitionRequired" : true,
		"terrainViewPatterns" : "rock",
		"horseSound" : "horse09",
		"horseSoundPenalty" : "horse29"
	}
}
